SSIP,SDFP,SDFB,SFE,RFIP
824,0.15569553713643047,8.407559005367245,824,0.0
